2,Marlane,151,0
4,Valli,171,0
6,Hamil,128,0
8,Andreas,132,0
10,Euell,99,0
12,Carey,209,0
14,Averil,99,0
16,Hans,240,0
18,Franky,133,0
20,Samantha,226,0
22,Binny,84,0
24,Shae,104,0
26,Mechelle,120,0
28,Michele,88,0
30,Ginnifer,105,0
32,Coral,81,0
34,Archibaldo,123,0
36,Helen-elizabeth,103,0
38,Helge,176,0
40,Gustavus,142,0
42,Demetria,108,0
44,Agathe,207,0
46,Murvyn,194,0
48,Marlena,233,0
50,L;urette,195,0
52,Stevie,238,0
54,Olin,138,0
56,Judas,120,0
58,Brendin,176,0
60,Cymbre,221,0
62,Rowan,110,0
64,Nev,226,0
66,Morganne,194,0
68,Laureen,143,0
70,Wilone,102,0
72,Dorisa,100,0
74,Lucas,182,0
76,Ferdinande,175,0
78,Bret,161,0
80,Cathe,146,0
82,Ediva,132,0
84,Jo ann,131,0
86,Papageno,96,0
88,Lynnett,140,0
90,Dougie,214,0
92,Alverta,155,0
94,Grace,131,0
96,Raoul,197,0
98,Currey,202,0
100,Will,130,0
102,Bruce,83,0
104,Hyacinthe,106,0
106,Samara,221,0
108,Demott,196,0
110,Chrotoem,116,0
112,Adoree,193,0
114,Leodora,113,0
116,Merna,99,0
118,Jennine,229,0
120,June,202,0
122,Suzette,135,0
124,Adriena,200,0
126,Lyn,105,0
128,North,220,0
130,Emmi,226,0
132,Joelly,195,0
134,Jasen,210,0
136,Ollie,122,0
138,Gilligan,123,0
140,Mag,150,0
142,Yelena,107,0
144,Wyndham,135,0
146,Benita,132,0
148,Caryl,224,0
150,Blake,162,0
152,Janene,216,0
154,Monica,235,0
156,Herb,81,0
158,Odille,175,0
160,Electra,202,0
162,Martyn,174,0
164,Ralph,88,0
166,Norma,107,0
168,Alix,105,0
170,Isa,165,0
172,Emmy,80,0
174,Sabina,166,0
176,Ranice,104,0
178,Rosalinda,114,0
180,Shanda,154,0
182,Rae,99,0
184,Vinny,118,0
186,Eadmund,186,0
188,Colman,105,0
190,Ives,200,0
192,Tedie,171,0
194,Ritchie,153,0
196,Kat,131,0
198,Alyss,80,0
200,Pasquale,240,0
202,Kilian,152,0
204,Rube,144,0
206,Tana,114,0
208,Iormina,131,0
210,Ida,207,0
212,Beaufort,218,0
214,Joana,205,0
216,Ximenez,170,0
218,Ethelda,124,0
220,Gerardo,168,0
222,Winona,175,0
224,Lilah,166,0
226,Riki,138,0
228,Tracy,177,0
230,Nessy,158,0
232,Hadleigh,158,0
234,Jordan,190,0
236,Bonni,135,0
238,Allister,90,0
240,Wolfgang,204,0
242,Marje,168,0
244,Jenn,92,0
246,Edwin,228,0
248,Eirena,128,0
250,Scotti,211,0
252,Tersina,105,0
254,Babb,181,0
256,Earvin,211,0
258,Eran,186,0
260,Celestyn,224,0
262,Obie,162,0
264,Norbert,175,0
266,Rafaelita,113,0
268,Anastasia,98,0
270,Morgen,213,0
272,Marven,96,0
274,Kassia,195,0
276,Leslie,230,0
278,Julio,219,0
280,Rana,130,0
282,Felice,203,0
284,Alli,192,0
286,Augustus,225,0
288,Nicola,135,0
290,Hannis,147,0
292,Walker,84,0
294,Ronna,210,0
296,Florella,146,0
298,Rosabella,104,0
300,Vasilis,214,0
302,Archibaldo,230,0
304,Bonnibelle,167,0
306,Carin,167,0
308,Land,197,0
310,Katrina,158,0
312,Petronia,146,0
314,Louie,212,0
316,Alyse,214,0
318,Rikki,221,0
320,Valle,150,0
322,Saree,201,0
324,Netta,92,0
326,Gaven,199,0
328,Betti,108,0
330,Forbes,155,0
332,Leta,112,0
334,Reta,172,0
336,Harris,117,0
338,Chev,167,0
340,Alisander,115,0
342,Hunter,146,0
344,Allin,197,0
346,Dannie,166,0
348,Fee,114,0
350,Sandy,178,0
352,Rocky,115,0
354,Eyde,106,0
356,Ardra,163,0
358,Dorie,204,0
360,Dilan,104,0
362,Arabel,217,0
364,Leticia,131,0
366,Blithe,199,0
368,Leonanie,206,0
370,Pen,96,0
372,Arabela,100,0
374,Colver,227,0
376,Chic,151,0
378,Mirelle,232,0
380,Wandis,183,0
382,Gran,198,0
384,Tessy,177,0
386,Manuel,104,0
388,Maxwell,227,0
390,Galvin,92,0
392,Karney,132,0
394,Andie,165,0
396,Aryn,218,0
398,Vick,109,0
400,Junette,93,0
402,Phillis,148,0
404,Carmina,178,0
406,Janetta,116,0
408,Sara,235,0
410,Beaufort,136,0
412,Cammy,127,0
414,Stepha,148,0
416,Duffie,94,0
418,Demetri,107,0
420,Madison,108,0
422,Wendall,188,0
424,Sharleen,206,0
426,Trevor,202,0
428,Tarra,121,0
430,Ania,129,0
432,Kiri,156,0
434,Melisande,190,0
436,Ignace,181,0
438,Kevyn,238,0
440,Walton,134,0
442,Fiorenze,225,0
444,Romonda,146,0
446,Zelda,108,0
448,Leonid,125,0
450,Andrei,152,0
452,Farrand,142,0
454,Simonne,151,0
456,Austina,224,0
458,Osborne,163,0
460,Francine,170,0
462,Charmaine,232,0
464,Theo,113,0
466,Seamus,132,0
468,Gerladina,117,0
470,Horace,120,0
472,Murielle,224,0
474,Sorcha,93,0
476,Tildi,206,0
478,Chrysler,100,0
480,Renell,133,0
482,Lu,210,0
484,Rockey,189,0
486,Tarrah,82,0
488,Carlin,157,0
490,Leigh,126,0
492,Earlie,104,0
494,Bentley,109,0
496,Rosamund,101,0
498,Alec,170,0
500,Bev,194,0
502,Del,105,0
504,Brandie,180,0
506,Rowen,104,0
508,Ardra,207,0
510,Elmira,216,0
512,Wallas,228,0
514,Tabb,171,0
516,Homer,209,0
518,Goran,136,0
520,Katinka,178,0
522,Grantham,141,0
524,Ronica,186,0
526,Annabel,215,0
528,Cad,157,0
530,Minni,110,0
532,Gary,136,0
534,Marlo,223,0
536,Danell,145,0
538,Claudius,106,0
540,Dyan,91,0
542,Pace,233,0
544,Skipp,235,0
546,Sigismund,106,0
548,Florenza,225,0
550,Arliene,198,0
552,Ginger,84,0
554,Angeli,109,0
556,Alexandrina,206,0
558,Gamaliel,180,0
560,Walker,191,0
562,Juanita,139,0
564,Decca,202,0
566,Nils,137,0
568,Quintina,113,0
570,Care,204,0
572,Ansell,209,0
574,Laraine,166,0
576,Robert,101,0
578,Kelly,184,0
580,Gibb,161,0
582,Lew,157,0
584,Maximo,177,0
586,Waring,131,0
588,Lombard,110,0
590,Gwynne,116,0
592,Darbie,145,0
594,Leilah,127,0
596,Esra,168,0
598,Neala,218,0
600,Meghan,187,0
602,Cassandry,120,0
604,Chiquita,90,0
606,Georgina,159,0
608,Marline,236,0
610,Josias,114,0
612,Dannie,94,0
614,Abraham,210,0
616,Farra,191,0
618,Layton,211,0
620,Karrie,150,0
622,Tracee,80,0
624,Joan,226,0
626,Kristian,103,0
628,Thom,221,0
630,Thorn,117,0
632,Flss,219,0
634,Jeanie,183,0
636,Kory,206,0
638,Dorolisa,107,0
640,Manya,189,0
642,Raynard,126,0
644,Lambert,234,0
646,Nannette,146,0
648,Biron,81,0
650,Irv,225,0
652,Cilka,238,0
654,Bent,149,0
656,Nil,117,0
658,Jordan,232,0
660,Yardley,127,0
662,Lisle,151,0
664,Nickie,163,0
666,Alyssa,173,0
668,Annemarie,240,0
670,Daniela,178,0
672,Mirabella,202,0
674,Blake,199,0
676,Murray,146,0
678,Carroll,203,0
680,Joyann,198,0
682,Abraham,220,0
684,Alanna,238,0
686,Darb,201,0
688,Brunhilde,80,0
690,Pasquale,201,0
692,Elwyn,155,0
694,Chrisse,99,0
696,Emmalee,216,0
698,Bliss,96,0
700,Phillida,203,0
702,Jaine,135,0
704,Issy,222,0
706,Tate,185,0
708,Amie,146,0
710,Anneliese,80,0
712,Genvieve,151,0
714,Gracie,213,0
716,Silvanus,125,0
718,Clotilda,225,0
720,Colleen,169,0
722,Zechariah,155,0
724,Cammy,87,0
726,Leone,240,0
728,Angel,151,0
730,Haley,122,0
732,Gratiana,128,0
734,Jodi,81,0
736,Lev,156,0
738,Lin,234,0
740,Georgi,109,0
742,Algernon,229,0
744,Elbertina,189,0
746,Babbie,226,0
748,Deana,218,0
750,Merrili,180,0
752,Jenda,136,0
754,Madelon,234,0
756,Luther,174,0
758,Read,91,0
760,Herrick,122,0
762,Tedi,228,0
764,Jo,102,0
766,Brice,237,0
768,Janela,102,0
770,Dalia,120,0
772,Cacilia,154,0
774,Corey,89,0
776,Joshia,220,0
778,Gary,145,0
780,Peirce,232,0
782,Marlowe,96,0
784,Gib,235,0
786,Ly,85,0
788,Aleksandr,164,0
790,Yank,192,0
792,Shayna,224,0
794,Pail,161,0
796,Brittne,114,0
798,Vin,169,0
800,Armando,216,0
802,Bili,152,0
804,Bartie,92,0
806,Brooks,185,0
808,Gerardo,126,0
810,Rees,206,0
812,Wilhelmine,148,0
814,Freddy,125,0
816,Wynnie,104,0
818,Harland,131,0
820,Boothe,221,0
822,Manon,160,0
824,Cordy,94,0
826,Aime,178,0
828,Euell,134,0
830,Natividad,88,0
832,Barbra,219,0
834,Doug,209,0
836,Bertine,95,0
838,Ibrahim,212,0
840,Evelyn,226,0
842,Sarah,90,0
844,Stormy,208,0
846,Cosmo,179,0
848,Giulio,96,0
850,Frankie,117,0
852,Tamara,113,0
854,Karry,182,0
856,Gilli,209,0
858,Brietta,172,0
860,Claribel,142,0
862,Ray,233,0
864,Kathrine,204,0
866,Fidel,146,0
868,Hoyt,171,0
870,Frieda,226,0
872,Tressa,159,0
874,Brett,192,0
876,Maggi,220,0
878,Cherye,179,0
880,Mortimer,105,0
882,Jesus,171,0
884,Arabelle,204,0
886,Amelita,208,0
888,Shay,86,0
890,Isidoro,158,0
892,Horst,205,0
894,Tedda,188,0
896,Haze,153,0
898,Sidoney,158,0
900,Spike,186,0
902,Richmound,123,0
904,Meghann,96,0
906,Reinald,102,0
908,Godfry,196,0
910,Mortie,114,0
912,Ailyn,186,0
914,Sheppard,112,0
916,Boigie,212,0
918,Lisette,211,0
920,Sibilla,237,0
922,Loria,154,0
924,Skipp,137,0
926,Galvin,195,0
928,Lulita,197,0
930,Conn,115,0
932,Joya,178,0
934,Debby,181,0
936,Clayson,229,0
938,Drona,164,0
940,Francisco,140,0
942,Egor,189,0
944,Suzanna,142,0
946,Dewey,145,0
948,Georgie,184,0
950,Humphrey,211,0
952,Chiquita,181,0
954,Harmonia,179,0
956,Brian,196,0
958,Ashleigh,216,0
960,Chaddy,227,0
962,Cookie,100,0
964,Mariam,216,0
966,Joannes,147,0
968,Emma,227,0
970,Gavrielle,125,0
972,Wyatt,176,0
974,Ellette,215,0
976,Christoffer,153,0
978,Jenelle,110,0
980,Francisco,85,0
982,Valerye,136,0
984,Stormi,135,0
986,Hugh,142,0
988,Tybie,109,0
990,Karoly,85,0
992,Giselle,175,0
994,Jen,152,0
996,Mab,127,0
998,Abbye,125,0
1000,Jessie,175,0
